alberta,T0A
alberta,T0B
alberta,T0C
alberta,T0E
alberta,T0G
alberta,T0H
alberta,T0J
alberta,T0K
alberta,T0L
alberta,T0M
alberta,T0P
alberta,T0V
alberta,T1A
alberta,T1B
alberta,T1C
alberta,T1G
alberta,T1H
alberta,T1J
alberta,T1K
alberta,T1L
alberta,T1M
alberta,T1P
alberta,T1R
alberta,T1S
alberta,T1V
alberta,T1W
alberta,T1X
alberta,T1Y
alberta,T2A
alberta,T2B
alberta,T2C
alberta,T2E
alberta,T2G
alberta,T2H
alberta,T2J
alberta,T2K
alberta,T2L
alberta,T2M
alberta,T2N
alberta,T2P
alberta,T2R
alberta,T2S
alberta,T2T
alberta,T2V
alberta,T2W
alberta,T2X
alberta,T2Y
alberta,T2Z
alberta,T3A
alberta,T3B
alberta,T3C
alberta,T3E
alberta,T3G
alberta,T3H
alberta,T3J
alberta,T3K
alberta,T3L
alberta,T3M
alberta,T3N
alberta,T3P
alberta,T3R
alberta,T3Z
alberta,T4A
alberta,T4B
alberta,T4C
alberta,T4E
alberta,T4G
alberta,T4H
alberta,T4J
alberta,T4L
alberta,T4N
alberta,T4P
alberta,T4R
alberta,T4S
alberta,T4T
alberta,T4V
alberta,T4X
alberta,T5A
alberta,T5B
alberta,T5C
alberta,T5E
alberta,T5G
alberta,T5H
alberta,T5J
alberta,T5K
alberta,T5L
alberta,T5M
alberta,T5N
alberta,T5P
alberta,T5R
alberta,T5S
alberta,T5T
alberta,T5V
alberta,T5W
alberta,T5X
alberta,T5Y
alberta,T5Z
alberta,T6A
alberta,T6B
alberta,T6C
alberta,T6E
alberta,T6G
alberta,T6H
alberta,T6J
alberta,T6K
alberta,T6L
alberta,T6M
alberta,T6N
alberta,T6P
alberta,T6R
alberta,T6S
alberta,T6T
alberta,T6V
alberta,T6W
alberta,T6X
alberta,T7A
alberta,T7E
alberta,T7N
alberta,T7P
alberta,T7S
alberta,T7V
alberta,T7X
alberta,T7Y
alberta,T7Z
alberta,T8A
alberta,T8B
alberta,T8C
alberta,T8E
alberta,T8G
alberta,T8H
alberta,T8L
alberta,T8N
alberta,T8R
alberta,T8S
alberta,T8V
alberta,T8W
alberta,T8X
alberta,T9A
alberta,T9C
alberta,T9E
alberta,T9G
alberta,T9H
alberta,T9J
alberta,T9K
alberta,T9M
alberta,T9N
alberta,T9S
alberta,T9V
alberta,T9W
alberta,T9X
british columbia,V0A
british columbia,V0B
british columbia,V0C
british columbia,V0E
british columbia,V0G
british columbia,V0H
british columbia,V0J
british columbia,V0K
british columbia,V0L
british columbia,V0M
british columbia,V0N
british columbia,V0P
british columbia,V0R
british columbia,V0S
british columbia,V0T
british columbia,V0V
british columbia,V0W
british columbia,V0X
british columbia,V1A
british columbia,V1B
british columbia,V1C
british columbia,V1E
british columbia,V1G
british columbia,V1H
british columbia,V1J
british columbia,V1K
british columbia,V1L
british columbia,V1M
british columbia,V1N
british columbia,V1P
british columbia,V1R
british columbia,V1S
british columbia,V1T
british columbia,V1V
british columbia,V1W
british columbia,V1X
british columbia,V1Y
british columbia,V1Z
british columbia,V2A
british columbia,V2B
british columbia,V2C
british columbia,V2E
british columbia,V2G
british columbia,V2H
british columbia,V2J
british columbia,V2K
british columbia,V2L
british columbia,V2M
british columbia,V2N
british columbia,V2P
british columbia,V2R
british columbia,V2S
british columbia,V2T
british columbia,V2V
british columbia,V2W
british columbia,V2X
british columbia,V2Y
british columbia,V2Z
british columbia,V3A
british columbia,V3B
british columbia,V3C
british columbia,V3E
british columbia,V3G
british columbia,V3H
british columbia,V3J
british columbia,V3K
british columbia,V3L
british columbia,V3M
british columbia,V3N
british columbia,V3R
british columbia,V3S
british columbia,V3T
british columbia,V3V
british columbia,V3W
british columbia,V3X
british columbia,V3Y
british columbia,V4A
british columbia,V4B
british columbia,V4C
british columbia,V4E
british columbia,V4G
british columbia,V4K
british columbia,V4L
british columbia,V4M
british columbia,V4N
british columbia,V4P
british columbia,V4R
british columbia,V4S
british columbia,V4T
british columbia,V4V
british columbia,V4W
british columbia,V4X
british columbia,V4Z
british columbia,V5A
british columbia,V5B
british columbia,V5C
british columbia,V5E
british columbia,V5G
british columbia,V5H
british columbia,V5J
british columbia,V5K
british columbia,V5L
british columbia,V5M
british columbia,V5N
british columbia,V5P
british columbia,V5R
british columbia,V5S
british columbia,V5T
british columbia,V5V
british columbia,V5W
british columbia,V5X
british columbia,V5Y
british columbia,V5Z
british columbia,V6A
british columbia,V6B
british columbia,V6C
british columbia,V6E
british columbia,V6G
british columbia,V6H
british columbia,V6J
british columbia,V6K
british columbia,V6L
british columbia,V6M
british columbia,V6N
british columbia,V6P
british columbia,V6R
british columbia,V6S
british columbia,V6T
british columbia,V6V
british columbia,V6W
british columbia,V6X
british columbia,V6Y
british columbia,V6Z
british columbia,V7A
british columbia,V7B
british columbia,V7C
british columbia,V7E
british columbia,V7G
british columbia,V7H
british columbia,V7J
british columbia,V7K
british columbia,V7L
british columbia,V7M
british columbia,V7N
british columbia,V7P
british columbia,V7R
british columbia,V7S
british columbia,V7T
british columbia,V7V
british columbia,V7W
british columbia,V7X
british columbia,V7Y
british columbia,V8A
british columbia,V8B
british columbia,V8C
british columbia,V8G
british columbia,V8J
british columbia,V8K
british columbia,V8L
british columbia,V8M
british columbia,V8N
british columbia,V8P
british columbia,V8R
british columbia,V8S
british columbia,V8T
british columbia,V8V
british columbia,V8W
british columbia,V8X
british columbia,V8Y
british columbia,V8Z
british columbia,V9A
british columbia,V9B
british columbia,V9C
british columbia,V9E
british columbia,V9G
british columbia,V9H
british columbia,V9J
british columbia,V9K
british columbia,V9L
british columbia,V9M
british columbia,V9N
british columbia,V9P
british columbia,V9R
british columbia,V9S
british columbia,V9T
british columbia,V9V
british columbia,V9W
british columbia,V9X
british columbia,V9Y
manitoba,R0A
manitoba,R0B
manitoba,R0C
manitoba,R0E
manitoba,R0G
manitoba,R0H
manitoba,R0J
manitoba,R0K
manitoba,R0L
manitoba,R0M
manitoba,R1A
manitoba,R1B
manitoba,R1N
manitoba,R2C
manitoba,R2E
manitoba,R2G
manitoba,R2H
manitoba,R2J
manitoba,R2K
manitoba,R2L
manitoba,R2M
manitoba,R2N
manitoba,R2P
manitoba,R2R
manitoba,R2V
manitoba,R2W
manitoba,R2X
manitoba,R2Y
manitoba,R3A
manitoba,R3B
manitoba,R3C
manitoba,R3E
manitoba,R3G
manitoba,R3H
manitoba,R3J
manitoba,R3K
manitoba,R3L
manitoba,R3M
manitoba,R3N
manitoba,R3P
manitoba,R3R
manitoba,R3S
manitoba,R3T
manitoba,R3V
manitoba,R3W
manitoba,R3X
manitoba,R3Y
manitoba,R4A
manitoba,R4H
manitoba,R4J
manitoba,R4K
manitoba,R4L
manitoba,R5A
manitoba,R5G
manitoba,R5H
manitoba,R6M
manitoba,R6W
manitoba,R7A
manitoba,R7B
manitoba,R7C
manitoba,R7N
manitoba,R8A
manitoba,R8N
manitoba,R9A
new brunswick,E1A
new brunswick,E1B
new brunswick,E1C
new brunswick,E1E
new brunswick,E1G
new brunswick,E1H
new brunswick,E1J
new brunswick,E1N
new brunswick,E1V
new brunswick,E1W
new brunswick,E1X
new brunswick,E2A
new brunswick,E2E
new brunswick,E2G
new brunswick,E2H
new brunswick,E2J
new brunswick,E2K
new brunswick,E2L
new brunswick,E2M
new brunswick,E2N
new brunswick,E2P
new brunswick,E2R
new brunswick,E2S
new brunswick,E2V
new brunswick,E3A
new brunswick,E3B
new brunswick,E3C
new brunswick,E3E
new brunswick,E3L
new brunswick,E3N
new brunswick,E3V
new brunswick,E3Y
new brunswick,E3Z
new brunswick,E4A
new brunswick,E4B
new brunswick,E4C
new brunswick,E4E
new brunswick,E4G
new brunswick,E4H
new brunswick,E4J
new brunswick,E4K
new brunswick,E4L
new brunswick,E4M
new brunswick,E4N
new brunswick,E4P
new brunswick,E4R
new brunswick,E4S
new brunswick,E4T
new brunswick,E4V
new brunswick,E4W
new brunswick,E4X
new brunswick,E4Y
new brunswick,E4Z
new brunswick,E5A
new brunswick,E5B
new brunswick,E5C
new brunswick,E5E
new brunswick,E5G
new brunswick,E5H
new brunswick,E5J
new brunswick,E5K
new brunswick,E5L
new brunswick,E5M
new brunswick,E5N
new brunswick,E5P
new brunswick,E5R
new brunswick,E5S
new brunswick,E5T
new brunswick,E5V
new brunswick,E6A
new brunswick,E6B
new brunswick,E6C
new brunswick,E6E
new brunswick,E6G
new brunswick,E6H
new brunswick,E6J
new brunswick,E6K
new brunswick,E6L
new brunswick,E7A
new brunswick,E7B
new brunswick,E7C
new brunswick,E7E
new brunswick,E7G
new brunswick,E7H
new brunswick,E7J
new brunswick,E7K
new brunswick,E7L
new brunswick,E7M
new brunswick,E7N
new brunswick,E7P
new brunswick,E8A
new brunswick,E8B
new brunswick,E8C
new brunswick,E8E
new brunswick,E8G
new brunswick,E8J
new brunswick,E8K
new brunswick,E8L
new brunswick,E8M
new brunswick,E8N
new brunswick,E8P
new brunswick,E8R
new brunswick,E8S
new brunswick,E8T
new brunswick,E9A
new brunswick,E9B
new brunswick,E9C
new brunswick,E9E
new brunswick,E9G
new brunswick,E9H
newfoundland and labrador,A0A
newfoundland and labrador,A0B
newfoundland and labrador,A0C
newfoundland and labrador,A0E
newfoundland and labrador,A0G
newfoundland and labrador,A0H
newfoundland and labrador,A0J
newfoundland and labrador,A0K
newfoundland and labrador,A0L
newfoundland and labrador,A0M
newfoundland and labrador,A0N
newfoundland and labrador,A0P
newfoundland and labrador,A0R
newfoundland and labrador,A1A
newfoundland and labrador,A1B
newfoundland and labrador,A1C
newfoundland and labrador,A1E
newfoundland and labrador,A1G
newfoundland and labrador,A1H
newfoundland and labrador,A1K
newfoundland and labrador,A1L
newfoundland and labrador,A1M
newfoundland and labrador,A1N
newfoundland and labrador,A1S
newfoundland and labrador,A1V
newfoundland and labrador,A1W
newfoundland and labrador,A1X
newfoundland and labrador,A1Y
newfoundland and labrador,A2A
newfoundland and labrador,A2B
newfoundland and labrador,A2H
newfoundland and labrador,A2N
newfoundland and labrador,A2V
newfoundland and labrador,A5A
newfoundland and labrador,A8A
northwest territory,X0E
northwest territory,X0G
northwest territory,X1A
nova scotia,B0C
nova scotia,B0E
nova scotia,B0H
nova scotia,B0J
nova scotia,B0K
nova scotia,B0L
nova scotia,B0M
nova scotia,B0N
nova scotia,B0P
nova scotia,B0R
nova scotia,B0S
nova scotia,B0T
nova scotia,B0V
nova scotia,B0W
nova scotia,B1A
nova scotia,B1B
nova scotia,B1C
nova scotia,B1E
nova scotia,B1G
nova scotia,B1H
nova scotia,B1J
nova scotia,B1K
nova scotia,B1L
nova scotia,B1M
nova scotia,B1N
nova scotia,B1P
nova scotia,B1R
nova scotia,B1S
nova scotia,B1T
nova scotia,B1V
nova scotia,B1W
nova scotia,B1X
nova scotia,B1Y
nova scotia,B2A
nova scotia,B2C
nova scotia,B2E
nova scotia,B2G
nova scotia,B2H
nova scotia,B2J
nova scotia,B2N
nova scotia,B2R
nova scotia,B2S
nova scotia,B2T
nova scotia,B2V
nova scotia,B2W
nova scotia,B2X
nova scotia,B2Y
nova scotia,B2Z
nova scotia,B3A
nova scotia,B3B
nova scotia,B3E
nova scotia,B3G
nova scotia,B3H
nova scotia,B3J
nova scotia,B3K
nova scotia,B3L
nova scotia,B3M
nova scotia,B3N
nova scotia,B3P
nova scotia,B3R
nova scotia,B3S
nova scotia,B3T
nova scotia,B3V
nova scotia,B3Z
nova scotia,B4A
nova scotia,B4B
nova scotia,B4C
nova scotia,B4E
nova scotia,B4G
nova scotia,B4H
nova scotia,B4N
nova scotia,B4P
nova scotia,B4R
nova scotia,B4V
nova scotia,B5A
nova scotia,B9A
nunavut territory,X0A
nunavut territory,X0B
nunavut territory,X0C
ontario,K0A
ontario,K0B
ontario,K0C
ontario,K0E
ontario,K0G
ontario,K0H
ontario,K0J
ontario,K0K
ontario,K0L
ontario,K0M
ontario,K1A
ontario,K1B
ontario,K1C
ontario,K1E
ontario,K1G
ontario,K1H
ontario,K1J
ontario,K1K
ontario,K1L
ontario,K1M
ontario,K1N
ontario,K1P
ontario,K1R
ontario,K1S
ontario,K1T
ontario,K1V
ontario,K1W
ontario,K1X
ontario,K1Y
ontario,K1Z
ontario,K2A
ontario,K2B
ontario,K2C
ontario,K2E
ontario,K2G
ontario,K2H
ontario,K2J
ontario,K2K
ontario,K2L
ontario,K2M
ontario,K2P
ontario,K2R
ontario,K2S
ontario,K2T
ontario,K2V
ontario,K2W
ontario,K4A
ontario,K4B
ontario,K4C
ontario,K4K
ontario,K4M
ontario,K4P
ontario,K4R
ontario,K6A
ontario,K6H
ontario,K6J
ontario,K6K
ontario,K6T
ontario,K6V
ontario,K7A
ontario,K7C
ontario,K7G
ontario,K7H
ontario,K7K
ontario,K7L
ontario,K7M
ontario,K7N
ontario,K7P
ontario,K7R
ontario,K7S
ontario,K7V
ontario,K8A
ontario,K8B
ontario,K8H
ontario,K8N
ontario,K8P
ontario,K8R
ontario,K8V
ontario,K9A
ontario,K9H
ontario,K9J
ontario,K9K
ontario,K9L
ontario,K9V
ontario,L0A
ontario,L0B
ontario,L0C
ontario,L0E
ontario,L0G
ontario,L0H
ontario,L0J
ontario,L0K
ontario,L0L
ontario,L0M
ontario,L0N
ontario,L0P
ontario,L0R
ontario,L0S
ontario,L1A
ontario,L1B
ontario,L1C
ontario,L1E
ontario,L1G
ontario,L1H
ontario,L1J
ontario,L1K
ontario,L1L
ontario,L1M
ontario,L1N
ontario,L1P
ontario,L1R
ontario,L1S
ontario,L1T
ontario,L1V
ontario,L1W
ontario,L1X
ontario,L1Y
ontario,L1Z
ontario,L2A
ontario,L2E
ontario,L2G
ontario,L2H
ontario,L2J
ontario,L2M
ontario,L2N
ontario,L2P
ontario,L2R
ontario,L2S
ontario,L2T
ontario,L2V
ontario,L2W
ontario,L3B
ontario,L3C
ontario,L3K
ontario,L3M
ontario,L3P
ontario,L3R
ontario,L3S
ontario,L3T
ontario,L3V
ontario,L3X
ontario,L3Y
ontario,L3Z
ontario,L4A
ontario,L4B
ontario,L4C
ontario,L4E
ontario,L4G
ontario,L4H
ontario,L4J
ontario,L4K
ontario,L4L
ontario,L4M
ontario,L4N
ontario,L4P
ontario,L4R
ontario,L4S
ontario,L4T
ontario,L4V
ontario,L4W
ontario,L4X
ontario,L4Y
ontario,L4Z
ontario,L5A
ontario,L5B
ontario,L5C
ontario,L5E
ontario,L5G
ontario,L5H
ontario,L5J
ontario,L5K
ontario,L5L
ontario,L5M
ontario,L5N
ontario,L5P
ontario,L5R
ontario,L5S
ontario,L5T
ontario,L5V
ontario,L5W
ontario,L6A
ontario,L6B
ontario,L6C
ontario,L6E
ontario,L6G
ontario,L6H
ontario,L6J
ontario,L6K
ontario,L6L
ontario,L6M
ontario,L6P
ontario,L6R
ontario,L6S
ontario,L6T
ontario,L6V
ontario,L6W
ontario,L6X
ontario,L6Y
ontario,L6Z
ontario,L7A
ontario,L7B
ontario,L7C
ontario,L7E
ontario,L7G
ontario,L7J
ontario,L7L
ontario,L7M
ontario,L7N
ontario,L7P
ontario,L7R
ontario,L7S
ontario,L7T
ontario,L8E
ontario,L8G
ontario,L8H
ontario,L8J
ontario,L8K
ontario,L8L
ontario,L8M
ontario,L8N
ontario,L8P
ontario,L8R
ontario,L8S
ontario,L8T
ontario,L8V
ontario,L8W
ontario,L9A
ontario,L9B
ontario,L9C
ontario,L9G
ontario,L9H
ontario,L9K
ontario,L9L
ontario,L9M
ontario,L9N
ontario,L9P
ontario,L9R
ontario,L9S
ontario,L9T
ontario,L9V
ontario,L9W
ontario,L9Y
ontario,L9Z
ontario,M1B
ontario,M1C
ontario,M1E
ontario,M1G
ontario,M1H
ontario,M1J
ontario,M1K
ontario,M1L
ontario,M1M
ontario,M1N
ontario,M1P
ontario,M1R
ontario,M1S
ontario,M1T
ontario,M1V
ontario,M1W
ontario,M1X
ontario,M2H
ontario,M2J
ontario,M2K
ontario,M2L
ontario,M2M
ontario,M2N
ontario,M2P
ontario,M2R
ontario,M3A
ontario,M3B
ontario,M3C
ontario,M3H
ontario,M3J
ontario,M3K
ontario,M3L
ontario,M3M
ontario,M3N
ontario,M4A
ontario,M4B
ontario,M4C
ontario,M4E
ontario,M4G
ontario,M4H
ontario,M4J
ontario,M4K
ontario,M4L
ontario,M4M
ontario,M4N
ontario,M4P
ontario,M4R
ontario,M4S
ontario,M4T
ontario,M4V
ontario,M4W
ontario,M4X
ontario,M4Y
ontario,M5A
ontario,M5B
ontario,M5C
ontario,M5E
ontario,M5G
ontario,M5H
ontario,M5J
ontario,M5K
ontario,M5L
ontario,M5M
ontario,M5N
ontario,M5P
ontario,M5R
ontario,M5S
ontario,M5T
ontario,M5V
ontario,M5W
ontario,M5X
ontario,M6A
ontario,M6B
ontario,M6C
ontario,M6E
ontario,M6G
ontario,M6H
ontario,M6J
ontario,M6K
ontario,M6L
ontario,M6M
ontario,M6N
ontario,M6P
ontario,M6R
ontario,M6S
ontario,M7A
ontario,M7Y
ontario,M8V
ontario,M8W
ontario,M8X
ontario,M8Y
ontario,M8Z
ontario,M9A
ontario,M9B
ontario,M9C
ontario,M9L
ontario,M9M
ontario,M9N
ontario,M9P
ontario,M9R
ontario,M9V
ontario,M9W
ontario,N0A
ontario,N0B
ontario,N0C
ontario,N0E
ontario,N0G
ontario,N0H
ontario,N0J
ontario,N0K
ontario,N0L
ontario,N0M
ontario,N0N
ontario,N0P
ontario,N0R
ontario,N1A
ontario,N1C
ontario,N1E
ontario,N1G
ontario,N1H
ontario,N1K
ontario,N1L
ontario,N1M
ontario,N1P
ontario,N1R
ontario,N1S
ontario,N1T
ontario,N2A
ontario,N2B
ontario,N2C
ontario,N2E
ontario,N2G
ontario,N2H
ontario,N2J
ontario,N2K
ontario,N2L
ontario,N2M
ontario,N2N
ontario,N2P
ontario,N2R
ontario,N2T
ontario,N2V
ontario,N2Z
ontario,N3A
ontario,N3B
ontario,N3C
ontario,N3E
ontario,N3H
ontario,N3L
ontario,N3P
ontario,N3R
ontario,N3S
ontario,N3T
ontario,N3V
ontario,N3W
ontario,N3Y
ontario,N4B
ontario,N4G
ontario,N4K
ontario,N4L
ontario,N4N
ontario,N4S
ontario,N4T
ontario,N4V
ontario,N4W
ontario,N4X
ontario,N4Z
ontario,N5A
ontario,N5C
ontario,N5H
ontario,N5L
ontario,N5P
ontario,N5R
ontario,N5V
ontario,N5W
ontario,N5X
ontario,N5Y
ontario,N5Z
ontario,N6A
ontario,N6B
ontario,N6C
ontario,N6E
ontario,N6G
ontario,N6H
ontario,N6J
ontario,N6K
ontario,N6L
ontario,N6M
ontario,N6N
ontario,N6P
ontario,N7A
ontario,N7G
ontario,N7L
ontario,N7M
ontario,N7S
ontario,N7T
ontario,N7V
ontario,N7W
ontario,N7X
ontario,N8A
ontario,N8H
ontario,N8M
ontario,N8N
ontario,N8P
ontario,N8R
ontario,N8S
ontario,N8T
ontario,N8V
ontario,N8W
ontario,N8X
ontario,N8Y
ontario,N9A
ontario,N9B
ontario,N9C
ontario,N9E
ontario,N9G
ontario,N9H
ontario,N9J
ontario,N9K
ontario,N9V
ontario,N9Y
ontario,P0A
ontario,P0B
ontario,P0C
ontario,P0E
ontario,P0G
ontario,P0H
ontario,P0J
ontario,P0K
ontario,P0L
ontario,P0M
ontario,P0N
ontario,P0P
ontario,P0R
ontario,P0S
ontario,P0T
ontario,P0V
ontario,P0W
ontario,P0X
ontario,P0Y
ontario,P1A
ontario,P1B
ontario,P1C
ontario,P1H
ontario,P1L
ontario,P1P
ontario,P2A
ontario,P2B
ontario,P2N
ontario,P3A
ontario,P3B
ontario,P3C
ontario,P3E
ontario,P3G
ontario,P3L
ontario,P3N
ontario,P3P
ontario,P3Y
ontario,P4N
ontario,P4P
ontario,P4R
ontario,P5A
ontario,P5E
ontario,P5N
ontario,P6A
ontario,P6B
ontario,P6C
ontario,P7A
ontario,P7B
ontario,P7C
ontario,P7E
ontario,P7G
ontario,P7J
ontario,P7K
ontario,P8N
ontario,P8T
ontario,P9A
ontario,P9N
prince edward island,C0A
prince edward island,C0B
prince edward island,C1A
prince edward island,C1B
prince edward island,C1C
prince edward island,C1E
prince edward island,C1N
quebec,G0A
quebec,G0B
quebec,G0C
quebec,G0E
quebec,G0G
quebec,G0H
quebec,G0J
quebec,G0K
quebec,G0L
quebec,G0M
quebec,G0N
quebec,G0P
quebec,G0R
quebec,G0S
quebec,G0T
quebec,G0V
quebec,G0W
quebec,G0X
quebec,G0Y
quebec,G0Z
quebec,G1A
quebec,G1B
quebec,G1C
quebec,G1E
quebec,G1G
quebec,G1H
quebec,G1J
quebec,G1K
quebec,G1L
quebec,G1M
quebec,G1N
quebec,G1P
quebec,G1R
quebec,G1S
quebec,G1T
quebec,G1V
quebec,G1W
quebec,G1X
quebec,G1Y
quebec,G2A
quebec,G2B
quebec,G2C
quebec,G2E
quebec,G2G
quebec,G2J
quebec,G2K
quebec,G2L
quebec,G2M
quebec,G2N
quebec,G3A
quebec,G3E
quebec,G3G
quebec,G3H
quebec,G3J
quebec,G3K
quebec,G3L
quebec,G3M
quebec,G3Z
quebec,G4A
quebec,G4R
quebec,G4S
quebec,G4T
quebec,G4V
quebec,G4W
quebec,G4X
quebec,G4Z
quebec,G5A
quebec,G5B
quebec,G5C
quebec,G5H
quebec,G5J
quebec,G5L
quebec,G5M
quebec,G5N
quebec,G5R
quebec,G5T
quebec,G5V
quebec,G5X
quebec,G5Y
quebec,G5Z
quebec,G6A
quebec,G6B
quebec,G6C
quebec,G6E
quebec,G6G
quebec,G6H
quebec,G6J
quebec,G6K
quebec,G6L
quebec,G6P
quebec,G6R
quebec,G6S
quebec,G6T
quebec,G6V
quebec,G6W
quebec,G6X
quebec,G6Z
quebec,G7A
quebec,G7B
quebec,G7G
quebec,G7H
quebec,G7J
quebec,G7K
quebec,G7N
quebec,G7P
quebec,G7S
quebec,G7T
quebec,G7X
quebec,G7Y
quebec,G7Z
quebec,G8A
quebec,G8B
quebec,G8C
quebec,G8E
quebec,G8G
quebec,G8H
quebec,G8J
quebec,G8K
quebec,G8L
quebec,G8M
quebec,G8N
quebec,G8P
quebec,G8T
quebec,G8V
quebec,G8W
quebec,G8Y
quebec,G8Z
quebec,G9A
quebec,G9B
quebec,G9C
quebec,G9H
quebec,G9N
quebec,G9P
quebec,G9R
quebec,G9T
quebec,G9X
quebec,H0H
quebec,H0M
quebec,H1A
quebec,H1B
quebec,H1C
quebec,H1E
quebec,H1G
quebec,H1H
quebec,H1J
quebec,H1K
quebec,H1L
quebec,H1M
quebec,H1N
quebec,H1P
quebec,H1R
quebec,H1S
quebec,H1T
quebec,H1V
quebec,H1W
quebec,H1X
quebec,H1Y
quebec,H1Z
quebec,H2A
quebec,H2B
quebec,H2C
quebec,H2E
quebec,H2G
quebec,H2H
quebec,H2J
quebec,H2K
quebec,H2L
quebec,H2M
quebec,H2N
quebec,H2P
quebec,H2R
quebec,H2S
quebec,H2T
quebec,H2V
quebec,H2W
quebec,H2X
quebec,H2Y
quebec,H2Z
quebec,H3A
quebec,H3B
quebec,H3C
quebec,H3E
quebec,H3G
quebec,H3H
quebec,H3J
quebec,H3K
quebec,H3L
quebec,H3M
quebec,H3N
quebec,H3P
quebec,H3R
quebec,H3S
quebec,H3T
quebec,H3V
quebec,H3W
quebec,H3X
quebec,H3Y
quebec,H3Z
quebec,H4A
quebec,H4B
quebec,H4C
quebec,H4E
quebec,H4G
quebec,H4H
quebec,H4J
quebec,H4K
quebec,H4L
quebec,H4M
quebec,H4N
quebec,H4P
quebec,H4R
quebec,H4S
quebec,H4T
quebec,H4V
quebec,H4W
quebec,H4X
quebec,H4Y
quebec,H4Z
quebec,H5A
quebec,H5B
quebec,H7A
quebec,H7B
quebec,H7C
quebec,H7E
quebec,H7G
quebec,H7H
quebec,H7J
quebec,H7K
quebec,H7L
quebec,H7M
quebec,H7N
quebec,H7P
quebec,H7R
quebec,H7S
quebec,H7T
quebec,H7V
quebec,H7W
quebec,H7X
quebec,H7Y
quebec,H8N
quebec,H8P
quebec,H8R
quebec,H8S
quebec,H8T
quebec,H8Y
quebec,H8Z
quebec,H9A
quebec,H9B
quebec,H9C
quebec,H9E
quebec,H9G
quebec,H9H
quebec,H9J
quebec,H9K
quebec,H9P
quebec,H9R
quebec,H9S
quebec,H9W
quebec,H9X
quebec,J0A
quebec,J0B
quebec,J0C
quebec,J0E
quebec,J0G
quebec,J0H
quebec,J0J
quebec,J0K
quebec,J0L
quebec,J0M
quebec,J0N
quebec,J0P
quebec,J0R
quebec,J0S
quebec,J0T
quebec,J0V
quebec,J0W
quebec,J0X
quebec,J0Y
quebec,J0Z
quebec,J1A
quebec,J1E
quebec,J1G
quebec,J1H
quebec,J1J
quebec,J1K
quebec,J1L
quebec,J1M
quebec,J1N
quebec,J1S
quebec,J1T
quebec,J1X
quebec,J1Z
quebec,J2A
quebec,J2B
quebec,J2C
quebec,J2E
quebec,J2G
quebec,J2H
quebec,J2J
quebec,J2K
quebec,J2L
quebec,J2N
quebec,J2R
quebec,J2S
quebec,J2T
quebec,J2W
quebec,J2X
quebec,J2Y
quebec,J3A
quebec,J3B
quebec,J3E
quebec,J3G
quebec,J3H
quebec,J3L
quebec,J3M
quebec,J3N
quebec,J3P
quebec,J3R
quebec,J3T
quebec,J3V
quebec,J3X
quebec,J3Y
quebec,J3Z
quebec,J4B
quebec,J4G
quebec,J4H
quebec,J4J
quebec,J4K
quebec,J4L
quebec,J4M
quebec,J4N
quebec,J4P
quebec,J4R
quebec,J4S
quebec,J4T
quebec,J4V
quebec,J4W
quebec,J4X
quebec,J4Y
quebec,J4Z
quebec,J5A
quebec,J5B
quebec,J5J
quebec,J5K
quebec,J5L
quebec,J5M
quebec,J5R
quebec,J5T
quebec,J5V
quebec,J5W
quebec,J5X
quebec,J5Y
quebec,J5Z
quebec,J6A
quebec,J6E
quebec,J6J
quebec,J6K
quebec,J6N
quebec,J6R
quebec,J6S
quebec,J6T
quebec,J6V
quebec,J6W
quebec,J6X
quebec,J6Y
quebec,J6Z
quebec,J7A
quebec,J7B
quebec,J7C
quebec,J7E
quebec,J7G
quebec,J7H
quebec,J7J
quebec,J7K
quebec,J7L
quebec,J7M
quebec,J7N
quebec,J7P
quebec,J7R
quebec,J7T
quebec,J7V
quebec,J7X
quebec,J7Y
quebec,J7Z
quebec,J8A
quebec,J8B
quebec,J8C
quebec,J8E
quebec,J8G
quebec,J8H
quebec,J8L
quebec,J8M
quebec,J8N
quebec,J8P
quebec,J8R
quebec,J8T
quebec,J8V
quebec,J8X
quebec,J8Y
quebec,J8Z
quebec,J9A
quebec,J9B
quebec,J9E
quebec,J9H
quebec,J9J
quebec,J9L
quebec,J9P
quebec,J9T
quebec,J9V
quebec,J9X
quebec,J9Y
quebec,J9Z
saskatchewan,S0A
saskatchewan,S0C
saskatchewan,S0E
saskatchewan,S0G
saskatchewan,S0H
saskatchewan,S0J
saskatchewan,S0K
saskatchewan,S0L
saskatchewan,S0M
saskatchewan,S0N
saskatchewan,S0P
saskatchewan,S2V
saskatchewan,S3N
saskatchewan,S4A
saskatchewan,S4H
saskatchewan,S4L
saskatchewan,S4N
saskatchewan,S4P
saskatchewan,S4R
saskatchewan,S4S
saskatchewan,S4T
saskatchewan,S4V
saskatchewan,S4W
saskatchewan,S4X
saskatchewan,S4Y
saskatchewan,S4Z
saskatchewan,S6H
saskatchewan,S6J
saskatchewan,S6K
saskatchewan,S6V
saskatchewan,S6W
saskatchewan,S6X
saskatchewan,S7H
saskatchewan,S7J
saskatchewan,S7K
saskatchewan,S7L
saskatchewan,S7M
saskatchewan,S7N
saskatchewan,S7P
saskatchewan,S7R
saskatchewan,S7S
saskatchewan,S7T
saskatchewan,S7V
saskatchewan,S9A
saskatchewan,S9H
saskatchewan,S9V
saskatchewan,S9X
yukon,Y0A
yukon,Y0B
yukon,Y1A
